"攻撃","Attack"
"の攻撃！"," attacked!"
"スキル１番は［攻撃］コマンドを
選択したときに使用されます。",""
"防御","Defend"
"は身を守っている。"," took defensive stance."
"スキル２番は［防御］コマンドを
選択したときに使用されます。",""
"連続攻撃",""
"２回攻撃",""
"３回攻撃",""
"逃げる","Run"
"は逃げてしまった。"," ran away."
"様子を見る","Do Nothing"
"は様子を見ている。"," stood still."
"ヒール","Heal"
"HPを60％回復する。","Recover 60% HP."
"は%1を唱えた！"," casted %1!"
"ファイア","Fire"
"スパーク","Spark"
"おっぱい誘惑",""
"は胸を揺らして誘惑する。"," shook her breasts to tempt you."
"扇情的な光景に、ごくりとのどがなる。","The sight made you gulp in expectation."
"パフパフ",""
"のおっぱいに顔が揺さぶられる。"," shook her breasts at your face."
"甘い香りと感触に、思考がうまく働かない。","Their sweet scent and touch numbed your mind."
"足コキ",""
"は肉棒に軽く足裏を擦りつける。"," lightly rubbed your penis with her sole."
"屈辱的な快感に、肉棒が震えてしまう。","Your penis quivered from the humiliating pleasure."
"は肉棒を足で踏みつける。"," trampled your penis."
"足裏に擦られて思わず喘いでしまう。","The rub of her soles caused you to moan."
"は足コキで精液を搾り取る。"," drained your semen in footjob."
"投げキッス",""
"は魅惑的に投げキッスをする。"," charmingly blew you a kiss."
"可愛らしいそのしぐさに目が離せない。","You couldn't look away from her cute actions."
"フェラ",""
"は肉棒にキスをする。"," kissed your penis."
"甘い快楽がじんわりと肉棒に広がる。","A sweet tingling pleasure spread across it."
"は肉棒を口で舐る。"," licked your penis in her mouth."
"生温かい口内の感触に声が漏れてしまう。","The touch of her warm mouth caused to moan."
"はフェラで精液を吸い出す。"," drained your semen in fellatio."
"はおっぱいを揺らして誘惑した。"," shook her breasts at you."
"柔らかく弾むおっぱいから目が離せない。","You couldn't stop looking at her bouncy breasts."
"貴方の手のひらに乳房の感触を味合わせる。","Your hands are wrapped around the foe's breasts."
"指が沈み込む感触に魅了されてしまう。","Their soft sensation charmed you."
"パイズリ",""
"は柔らかな乳房で肉棒を挟み込む。"," tucked your penis between her breasts."
"肉棒がとろけるような感触に襲われる。","It felt like your penis is melting between them."
"は乳房を激しく上下に振る。"," shook her breasts up and down."
"柔らかな乳房に肉棒がシェイクされる。","Your penis shook along with her soft breasts."
"はパイズリで精液を搾り取る。"," drained your semen in boobjob."
"快感に耐える","Endure Pleasure"
"興奮度を80下げるが使用毎に防御力が-20％被ダメージ+30％
変化したステータスは射精すると元に戻る。","Remove 80 Arousal. 【DEF-20% & Damage Taken +30%】
Debuffs inflicted with this skill disappear on orgasm."
"は歯を食いしばって快感に耐えた。"," clenched his teeth and endured the pleasure."
"小悪魔の誘惑","Imp used Temptation"
"の誘惑！"," used Temptation!"
"遠見可憐の誘惑",""
"乳首弄り",""
"は\n[1]の乳首をくりくりと弄る。"," played with your nipples."
"じんじんとした快感が乳首を襲う。","You felt tingling pleasure on them."
"乳首舐め",""
"は\n[1]の乳首を舌で弄る。"," licked your nipple."
"小さな舌での愛撫に感じてしまう。","The touch of her tiny tongue felt good."
"乳首舐め手コキ",""
"は乳首をなめながら肉棒を扱く。"," gave you a nipple-licking handjob."
"弱点の二点責めに喘ぎ声が漏れてしまう。","The two-front attack made you moan."
"は唇と舌で乳首を弄りながら手コキを続ける。"," continued the nipple-licking handjob."
"乳首を唇で吸われるたびに我慢汁があふれ出る。","Your precum leaked with every lick."
"は乳首舐め手コキで精液を搾り取る。"," drained you in nipple-licking handjob."
"ロリダークエルフの誘惑","Loli Dark Elf used Temptation"
"は乳房を顔に柔らかく押し付ける。"," pressed her breasts on your face."
"甘い感触に脳がくらくらする。","Their sweet sensation makes you dizzy."
"ダークエルフの誘惑",""
"火炎斬り","Flame Slash"
"纏う炎の量を増大させ、敵を切りつける。
威力:☆☆☆","Slash your foe with a blade of flame.
Power:☆☆☆"
"は剣に炎を纏って攻撃した。"," attacked with a sword of flame."
"魔剣炎",""
"火炎放射刃","Flame Wave"
"剣に纏った炎を斬撃とともに打ち出す。
威力:☆☆☆☆","Slash your foe with a wave of flame.
Power:☆☆☆☆"""
"は炎の斬撃を打ち出した。"," slashed a wave of flame."
"炎神の一閃","Flame God Blast"
"巨大な炎を剣に纏い、一刀の元に敵を切り伏せる。
威力☆☆☆☆☆","Slash down your foe with the strongest flame.
Power:☆☆☆☆☆"
"は巨大な炎の剣で敵を切り裂いた。",""
"雷電斬り","Lightning Slash"
"纏う雷の量を増大させ、敵を切りつける。
【追加攻撃50％】威力:☆☆+☆　","Slash your foe with a blade of lighting.
【50% Extra Attack】Power:☆☆+☆"
"は剣に雷を纏って攻撃した。",""
"魔剣雷",""
"雷電放射刃","Lighting Wave"
"剣に纏った雷を斬撃とともに打ち出す。
【追加攻撃50％】威力:☆☆☆+☆","Slash your foe with a wave of lightning.
【50% Extra Attack】Power:☆☆☆+☆"
"は雷の斬撃を打ち出した。",""
"雷神の一閃","Lighting God Blast"
"巨大な雷を剣に纏い、一刀の元に敵を切り伏せる。
【追加攻撃50％】威力☆☆☆☆+☆","Slash down your foe with the strongest lightning.
【50% Extra Attack】Power:☆☆☆☆+☆"
"は巨大な雷の剣で敵を切り裂いた。",""
"水氷斬り","Ice Slash"
"纏う冷気の量を増大させ、敵を切りつける。
威力:☆☆☆","Slash your foe with a blade of ice.
Power:☆☆☆"
"は剣に冷気を纏って攻撃した。",""
"魔剣氷",""
"水氷放射刃","Ice Wave"
"剣に纏った冷気を斬撃とともに打ち出す。
威力:☆☆☆☆","Slash your foe with a wave of ice.
Power:☆☆☆☆"
"は冷気の斬撃を打ち出した。",""
"氷神の一閃","Ice God Blast"
"巨大な冷気を剣に纏い、一刀の元に敵を切り伏せる。
威力☆☆☆☆☆","Slash down your foe with the deepest cold.
Power:☆☆☆☆☆"
"は巨大な冷気の剣で敵を切り裂いた。",""
"突風斬り","Wind Slash"
"纏う風の量を増大させ、敵を切りつける。
【累積で攻撃力up】威力:☆☆　","Slash your foe with a blade of wind.
【Stacking ATK UP】Power:☆☆"
"は剣に風を纏って攻撃した。",""
"魔剣風",""
"突風放射刃","Wind Wave"
"剣に纏った風を斬撃とともに打ち出す。
【累積で攻撃力up】威力:☆☆☆","Slash your foe with a wave of wind.
【Stacking ATK UP】Power:☆☆☆"
"は風の斬撃を打ち出した。",""
"風神の一閃","Wind God Blast"
"巨大な風を剣に纏い、一刀の元に敵を切り伏せる。
【累積で攻撃力up】威力☆☆☆☆","Slash down your foe with the strongest gale.
【Stacking ATK UP】Power:☆☆☆☆"
"は巨大な風の剣で敵を切り裂いた。",""
"光の斬撃","Light Slash"
"纏う光の量を増大させ、敵を切りつける。
【HP回復3％】威力:☆☆☆","Slash your foe with a blade of light.
【3% HP Heal】Power:☆☆☆"
"は剣に光を纏って攻撃した。",""
"魔剣光",""
"光撃刃","Light Wave"
"剣に纏った光を斬撃とともに打ち出す。
【HP回復3％】威力:☆☆☆☆","Slash your foe with a wave of light.
【3% HP Heal】Power:☆☆☆☆"
"は光の斬撃を打ち出した。",""
"光神の一閃","Light God Blast"
"巨大な光を剣に纏い、一刀の元に敵を切り伏せる。
【HP回復3％】威力☆☆☆☆☆","Slash down your foe with a blinding light.
【3% HP Heal】Power:☆☆☆☆☆"
"は巨大な光の剣で敵を切り裂いた。",""
"闇の斬撃","Dark Slash"
"纏う闇の量を増大させ、敵を切りつける。
【防御無視】威力:☆☆☆","Slash your foe with a blade of dark.
【Ignore Defense】Power:☆☆☆"
"は剣に闇を纏って攻撃した。",""
"魔剣闇",""
"闇撃刃","Dark Wave"
"剣に纏った闇を斬撃とともに打ち出す。
【防御無視】威力:☆☆☆☆","Slash your foe with a wave of dark.
【Ignore Defense】Power:☆☆☆☆"
"は闇の斬撃を打ち出した。",""
"闇神の一閃","Dark God Blast"
"巨大な闇を剣に纏い、一刀の元に敵を切り伏せる。
【防御無視】威力☆☆☆☆☆","Slash down your foe with the deepest dark.
【Ignore Defense】Power:☆☆☆☆☆"
"は巨大な闇の剣で敵を切り裂いた。",""
"雷炎斬り","Lightning Flame Slash"
"纏う雷炎の量を増大させ、敵を切りつける。
【追加攻撃50％】威力:☆☆☆+☆","Slash your foe with a blade of lightning flame.
【50% Extra Attack】Power:☆☆☆+☆"
"は剣に雷炎を纏って攻撃した。",""
"魔剣炎
魔剣雷",""
"雷炎放射刃","Lightning Flame Wave"
"剣に纏った雷炎を斬撃とともに打ち出す。
【追加攻撃50％】威力:☆☆☆☆+☆","Slash your foe with a wave of lightning flame.
【50% Extra Attack】Power:☆☆☆☆+☆"
"は雷炎の斬撃を打ち出した。",""
"雷炎神の一閃","Flame Lightning God Blast"
"巨大な雷炎を剣に纏い、一刀の元に敵を切り伏せる。
【追加攻撃50％】威力☆☆☆☆☆+☆","Slash down your foe with the strongest lightning flame.
【50% Extra Attack】Power:☆☆☆☆☆+☆"
"は巨大な雷炎の剣で敵を切り裂いた。",""
"纏う雷炎の量を増大させ、敵を切りつける。
【追加攻撃50％】威力:☆☆☆",""
"巨大な雷炎を剣に纏い、一刀の元に敵を切り伏せる。
【追加攻撃50％】威力☆☆☆☆☆☆+☆",""
"氷風斬り","Ice Wind Slash"
"纏う冷気の風の量を増大させ、敵を切りつける。
【累積で攻撃力大up】威力:☆☆☆","Slash your foe with a blade of ice wind.
【Stacking ATK UP】Power:☆☆☆"
"は剣に冷気の風を纏って攻撃した。",""
"魔剣氷
魔剣風",""
"氷風放射刃","Ice Wind Wave"
"剣に纏った冷気の風を斬撃とともに打ち出す。
【累積で攻撃力大up】威力:☆☆☆☆","Slash your foe with a blade of ice wind.
【Stacking ATK UP】Power:☆☆☆☆"
"は冷気の風の斬撃を打ち出した。",""
"氷風神の一閃","Ice Wind God Blast"
"巨大な冷気の風を剣に纏い、一刀の元に敵を切り伏せる。
【累積で攻撃力大up】威力☆☆☆☆☆",""
"は巨大な冷気の風の剣で敵を切り裂いた。",""
"暗黒雷炎斬り","Tri Slash A"
"纏う黒い雷炎の量を増大させ、敵を切りつける。
【追加攻撃50％】【防御無視】威力:☆☆☆☆+☆","Slash your foe with a blade of dark lightning flame.
【50% Extra Attack & Ignore Defense】Power:☆☆☆☆+☆"
"は剣に黒い雷炎を纏って攻撃した。",""
"魔剣炎
魔剣雷
魔剣闇",""
"暗黒雷炎放射刃","Tri Wave A"
"剣に纏った黒い雷炎を斬撃とともに打ち出す。
【追加攻撃50％】【防御無視】威力:☆☆☆☆☆+☆","Slash your foe with a wave of dark lightning flame.
【50% Extra Attack & Ignore Defense】Power:☆☆☆☆☆+☆"
"は黒い雷炎の斬撃を打ち出した。",""
"暗黒雷炎神の一閃","Tri God Blast A"
"巨大な黒い雷炎を剣に纏い、一刀の元に敵を切り伏せる。
【追加攻撃50％】【防御無視】威力☆☆☆☆☆☆+☆",""
"は巨大な黒い雷炎の剣で敵を切り裂いた。",""
"神聖氷風斬り","Tri Slash B"
"纏う聖なる冷気の風の量を増大させ、敵を切りつける。
【累積で攻撃力大up】【HP回復3％】威力:☆☆☆☆","Slash your foe with a blade of Light Ice Wind.
【Stacking ATK UP & 3% HP Heal】Power:☆☆☆☆"
"は剣に聖なる冷気の風を纏って攻撃した。",""
"魔剣氷
魔剣風
魔剣光",""
"神聖氷風放射刃","Tri Wave B"
"剣に纏った聖なる冷気の風を斬撃とともに打ちだす。
【累積で攻撃力大up】【HP回復3％】威力:☆☆☆☆☆","Slash your foe with a blade of Light Ice Wind.
【Stacking ATK UP & 3% HP Heal】Power:☆☆☆☆☆"
"は聖なる冷気の風の斬撃を打ち出した。",""
"神聖氷風神の一閃","Tri God Blast B"
"巨大な聖なる氷風を剣に纏い、一刀の元に敵を切り伏せる。
【累積で攻撃力大up】【HP回復3％】威力☆☆☆☆☆☆☆",""
"は巨大な聖なる氷風の剣で敵を切り裂いた。",""
"炎の魔剣","Flame Enchant"
"炎を剣に纏う。【攻撃力30％up】
威力の高い炎魔剣を使えるようになる。継続消費MP：10","Cover sword in flames. 【ATK+30％】
Enables Flame Sword skills.【Upkeep: 10MP】"
"は剣に炎を纏った！"," used Flame Enchant!"
"<QuickSkill>",""
"雷の魔剣","Lighting Enchant"
"雷を剣に纏う。【魔法力30％up】
追加攻撃有りの雷魔剣を使えるようになる。継続消費MP：10","Cover sword in lightning. 【MATK+30％】
Enables Lightning Sword skills.【Upkeep: 10MP】"
"は剣に雷を纏った！"," used Lightning Enchant!"
"氷の魔剣","Ice Enchant"
"冷気を剣に纏う。【被ダメージ20％カット・防御力15％up】
威力の高い氷魔剣を使えるようになる。継続消費MP：10","Cover sword in ice. 【Damage Reduction +20% & Def+15%】
Enables Ice Sword skills.【Upkeep: 10MP】"
"は剣に冷気を纏った！"," used Ice Enchant!"
"風の魔剣","Wind Enchant"
"風を剣に纏う。【敏捷性30％up】
晩成型の風魔剣を使えるようになる。継続消費MP：10","Cover sword in wind. 【AGI+30%】
Enables Wind Sword skills.【Upkeep: 10MP】"
"は剣に風を纏った！"," used Wind Enchant!"
"光の魔剣","Light Enchant"
"光を剣に纏う。【毎ターンHP5％回復】
攻撃時回復する光魔剣を使えるようになる。継続消費MP：15","Cover sword in light. 【5% HP Regen】
Enables Light Sword skills.【Upkeep: 15MP】"
"は剣に光を纏った！"," used Light Enchant!"
"闇の魔剣","Dark Enchant"
"闇を剣に纏う。【与ダメージ10％up】
防御無視の闇魔剣を使えるようになる。継続消費MP：15","Cover sword in dark. 【Damage+10%】
Enables Dark Sword skills.【Upkeep: 15MP】"
"は剣に闇を纏った！"," used Dark Enchant!"
"雷炎の魔剣","Lighting Fire Enchant"
"炎、雷の魔剣の両効果を受ける。
両方の性質を持つ魔剣を使えるようになる。継続消費MP：20","Double enchant of lightning and fire.
Enable Dual Element skills.【Upkeep: 20P】"
"は剣に雷炎を纏った！"," used Lighting Fire Enchant!"
"氷風の魔剣","Ice Wind Enchant"
"氷、風の魔剣の両効果を受ける。攻撃力累積増加率強化。
両方の性質を持つ魔剣を使えるようになる。継続消費MP：15","Double enchant of ice and wind.
Enable Dual Element skills.【Upkeep: 15MP】"
"は剣に冷気の風を纏った！"," used Ice Wind Enchant!"
"黒雷炎の魔剣","Tri Enchant A"
"闇、炎、雷の魔剣3つの効果を受けることが出来る。
3つの性質を持つ魔剣を使えるようになる。継続消費MP：30","Triple enchant of dark, fire, and lightning.
Enables Triple Element skills.【Upkeep: 30MP】"
"は剣に暗黒の雷炎を纏った！"," used Dark Lightning Fire Enchant!"
"白氷風の魔剣","Tri Enchant B"
"光、氷、風の魔剣3つの効果を受けることが出来る。
3つの性質を持つ魔剣を使えるようになる。継続消費MP：25","Triple enchant of light, ice, and wind.
Enables Triple Element skills.【Upkeep: 25MP】"
"は剣に聖なる冷気の風を纏った！"," used Light Ice Wind Enchant!"
"限界魔力放出撃",""
"興奮度が80以上の時のみ、
50％の確率で興奮度を0にし、敵に大ダメージを与える。",""
"放出実行",""
"は射精欲求を変換して、",""
"特大の魔力を敵に向かって放出した。",""
"高木優香の誘惑",""
"の投げキッス。"," blew a kiss at you."
"彼女の唇からピンク色のハートが撃ちだされる。","A pink heart shot out from her lips."
"艶やかに光る唇から放たれるハートを避けることが出来ない。","You couldn't dodge the flying pink heart."
"キス",""
"はピンク色に光る唇を\n[1]に押し付ける。"," pressed her shining pink lips against yours.
"
"直接キスで魔力を塗り込まれ、快感が\n[1]の身体を貫く。","The charming pleasure struck directly into your body."
"は唇で貴方の舌先をついばむ。"," picked your tongue between her lips."
"甘い魔力にじんわりと舌先が犯される。","The sweet magic made your tongue tingle."
"はキスで精液を搾り取る。"," drained your semen with a kiss."
"ヒップアタック",""
"のヒップアタック。"," used Hip Attack."
"可憐のお尻の柔らかな衝撃が\n[1]の顔を襲う。","Your face is struck by Karen's soft ass."
"はお尻で貴方の顔をもみくちゃにする。"," crushed your face with her ass."
"むっちりとしたお尻に顔を包まれて、息ができない。","You couldn't breathe with her ass on your face."
"尻コキ",""
"はお尻を貴方の股間に押し付ける。"," pressed her ass on your groin."
"円を描くようなグラインドのお尻に、肉棒が揺さぶられる。","She moved her ass in circles and grinded your penis."
"は腰を小刻みに動かす。"," twerked her ass on your groin."
"動きに合わせて可憐のお尻が貴方の弱点を愛撫する。","The shaking transmitted directly on your penis."
"は尻コキで精液を搾り取る。"," drained your semen in assjob."
"耳責め",""
"は甘く吐息を耳に吹きかける。"," blew a breath in your ear."
"は甘く唇で耳たぶを吸う。"," sucked on your earlobe."
"わざとらしくたてられたリップ音にゾクゾクしてしまう。","The wet sounds of her lips made you shiver."
"は肉棒を両足で挟み込む。"," sandwiched your penis with her feet."
"柔らかな足裏による圧迫に\n[1]は感じてしまう。","The touch of her soft soles felt amazing for you."
"は肉棒をリズムカルに両足で扱く。"," stroked your penis with her feet."
"耳に彼女の甘い吐息と舌を感じて興奮してしまう。","Her breaths and tongue on your ear turned you on."
"盗賊サキュバスの誘惑","Thief Succubus' Temptation
"
"盗賊サキュバスの誘惑簡易",""
"のパフパフ。"," used Breast Smother.
"
"甘い香りの谷間が\n[1]の顔を捕らえる。","Your face is trapped in her sweet-smelling breasts.
"
"柔らかな乳房が甘い香りを\n[1]の顔に刷り込む。","She kneaded her soft breasts in your face.
"
"強制オナニー",""
"の強制オナニー。"," used Forced Masturbation."
"甘い香りに命令されるがまま、肉棒を扱いてしまう。","You masturbated to the sweet fragnance."
"ドライアドの甘い声のリズムに合わせて肉棒を扱いてしまう。","You masturbated to the dryad's sweet voice."
"は強制オナニーで精液を搾り取る。"," drained your semen in forced masturbation."
"ドライアドの誘惑","Dryad used Temptation"
"ドライアドの誘惑簡易",""
"の乳首弄り。"," used Nipple Play."
"甘い魔力を纏った手袋の指先が\n[1]の乳首を弄る。","She played with your nipples with her mana-covered fingers."
"甘い魔力が指先を通じて\n[1]の乳首に流し込まれる。","Sweet magic flowed from her hands to your nipples."
"手袋コキ",""
"の手袋コキ。"," used Gloved Handjob."
"甘い魔力を纏った手袋の感触が肉棒を追い詰める。","She stroked you with magic-infused gloves."
"ぐちゅぐちゅと激しい責めが\n[1]の肉棒を襲う。","She poured the sweet charm magic into your penis."
"は手袋コキで精液を搾り取る。"," drained your semen in gloved handjob."
"マジックサキュバスの誘惑",""
"マジックサキュバスの誘惑簡易",""
"凛は柔らかなお尻を強く\n[1]の顔に打ち付ける。","Rin smacked your face hard with her soft ass."
"柔らかいお尻による重い衝撃が\n[1]の顔を打ち抜く。","Your face was hit with a heavy blow from her soft ass."
"顔面騎乗手コキ",""
"の顔面騎乗手コキ。"," used Facesitting Handjob."
"凛はお尻を顔に擦りつけ、肉棒をリズムカルに扱く。","Rin stroked your penis and rubbed her ass on your face."
"凛はお尻で\n[1]の顔を圧迫したまま、手コキを続ける。","Rin continued the handjob while sitting on your face."
"は顔面騎乗手コキで精液を搾り取る。"," drained your semen in facesitting handjob."
"凛の誘惑",""
"可愛い投げキッスとともにハートが\n[1]を襲う。","She shot a heart at you by cutely blowing a kiss."
"ハートが命中し、唇に吸われるような錯覚を覚える。","You felt a sensation of a kiss when the heart hit you."
"の足コキ。"," used Footjob."
"優香は投げキッスをしながら肉棒を足蹴にする。","Yuuka trampled your penis while blowing kisses at you."
"唇に吸い付かれる錯覚とともに肉棒が優香に足蹴にされる。","You felt kisses on your skin and a foot on your penis."
"優香の誘惑",""
"のフェラ。"," used Fellatio."
"六花のピンク色の唇が\n[1]の肉棒を舐る。","Rikka sucked your penis with her pink lips."
"六花は激しく顔を動かし、肉棒を吸い上げる。","Rikka moved her head and sucked your penis."
"はフェラで精液を搾り取る。"," drained your semen in fellatio."
"六花の誘惑",""
"おっぱいビンタ",""
"のおっぱいビンタ。"," used Breast Slap."
"柔らかい乳房による重い打撃が\n[1]を襲う。","You were heavily struck by her soft breasts."
"腰砕けになりそうな甘い乳房による打撃が\n[1]を襲う。","You nearly lost your footing from the smack."
"のパイズリ。"," used Boobjob."
"柔らかく豊満な乳房が肉棒を溶かすように揺れ動く。","The soft and massive breasts shook around your penis."
"とろけるように柔らかい乳房が肉棒を追い詰める。","The soft breasts were melting away your penis."
"恭子の誘惑",""
"誘惑",""
"の誘惑。"," used Temptation."
"可憐は豊満な乳房を揺らして\n[1]に見せつける。","Karen showed her breasts and shook them at you."
"乳房の甘い感触と香りに\n[1]の顔が包み込こまれる。","The touch and scent of her breasts covered your face."
"囁き",""
"の囁き。",""
"甘い吐息交じりの声が\n[1]の耳元で囁かれる。","Blew hot breaths while whispering in your ear."
"可憐の誘惑",""
"優香はいやらしく乳房を揺らして貴方を誘惑する。",""
"魅了パフパフ",""
"の魅了パフパフ。"," used Charming Breast Smother."
"濃厚な甘い香りが柔らかく\n[1]の顔に刷り込まれる。","The sweet and thick smell rubbed on your face."
"柔かな乳房の牢獄と太ももによる愛撫が\n[1]を襲う。","You're stuck between her breasts and thighs."
"はおっぱいと太ももで精液を搾り取る。"," drained your semen with her breasts and thighs."
"魔法剣解除","Release Enchant
"
"現在使用している魔法剣を解除して攻撃する。
【MP回復30％】威力:☆☆","Attack and release the current enchant.
【Recover 30％ MP】Power: ☆☆"
"雷の一撃",""
"纏う雷の量を増大させ、敵を切りつける。
威力:☆☆　",""
"の剣から雷があふれ出す！",""
"轟雷の一撃",""
"柔らかなお尻による重い衝撃が貴方の顔を襲う。",""
"セーレの柔らかなお尻が貴方の顔に打ち付けられる。",""
"誘惑。",""
"セーレは貴方の目の前でお尻を振って誘惑する。","Seele shook her ass to tempt you."
"セーレは\n[1]を小ばかにしながら肉棒を足蹴にする。","Seele trampled your penis while making fun of you."
"セーレは小さな足裏で器用に肉棒を上下に擦る。","Seele skillfully stroked your penis under her foot."
"セーレの誘惑",""
"なすがまま","Stop Fighting"
"敵のなすがままになって行動できなくなる。","Stop fighting and give full control to the enemy."
"はなすがままになった！"," gave up fighting!
"
"オナニー","Masturbate
"
"敵の誘惑に抗えず、オナニーをしてしまう。
【HP-9999】","Fall for the foe's charms and masturbate.
【HP-9999】"
"は夢中で肉棒を扱いた！"," stroked his penis in daze!
"
"顔面騎乗",""
"の顔面騎乗。",""
"大淫魔は\n[1]の顔に割れ目を擦りつける。","She rubbed her pussy on your face."
"大淫魔は\n[1]に強制的に自身の割れ目を舐めさせる。","She forced you to lick her pussy."
"シックスナインフェラ",""
"のシックスナインフェラ。"," used 69 Fellatio."
"大淫魔は\n[1]の顔に割れ目を舐めさせながら肉棒を舐る。",""
"大淫魔は\n[1]の顔に割れ目を擦りつけながら肉棒を舐る。",""
"はシックスナインフェラで精液を搾り取る。"," drained your semen in 69 fellatio."
"大淫魔の誘惑",""
"チャーム投げキッス",""
"のチャーム投げキッス。"," used Charming Blown Kiss."
"可愛らしい唇からピンクのハートがうちだされる。",""
"扇情的な投げキッスと柔らかな唇の感触が\n[1]を襲う。",""
"キス手コキ",""
"のキス手コキ"," used Kissing Handjob."
"彼女は柔らかな唇を押し付けながら肉棒を扱く。","She stroked your penis while kissing your lips."
"彼女は\n[1]の唇を啄み、肉棒の弱点に指を絡ませる。","She touched your weak spots while kissing out."
"はキスと手コキで精液を搾り取る。"," drained your semen in kissing handjob."
"アイドルサキュバスの誘惑",""
"豊満な乳房がタプタプと揺れ、\n[1]を誘惑する。","She was tempting you by shaking her massive breasts."
"甘い乳房の感触が柔らかく\n[1]の顔を包み込む。","Your face was surrounded by soft breasts."
"神官サキュバスの誘惑",""
"言葉責め",""
"の言葉責め。"," used Verbal Abuse."
"ダンタリオンは艶やかな声を\n[1]の耳元で囁く。","Dantalion sweetly whispered in your ear."
"ダンタリオンは嘲笑交じりの声を\n[1]の耳元で囁く。","Dantalion whispered abuse in your ear."
"騎乗位",""
"の騎乗位。"," used Cowgirl Position."
"ダンタリオンは蜜壺で肉棒を甘く締め付ける。","Dantalion squeezed your penis in her pussy."
"ダンタリオンは激しく腰を振って肉棒を責め立てる。","Dantalion rode your penis hard."
"は騎乗位で精液を搾り取る。"," drained your semen in cowgirl position."
"ダンタリオンの誘惑",""
"抱きしめ",""
"は\n[1]を抱きしめる。"," hugged you."
"柔らかなアルの肢体が\n[1]の身体に擦りつけられる。","Al rubbed her soft body on you."
"アルは柔らかなお腹を勃起した肉棒に擦りつける。","Al rubbed your erect penis with her soft belly."
"アルは柔らかな乳房で肉棒をきつく締め付ける。","Al tightly squeezed your penis with her breasts."
"アルは乳房を上下に振って乳肉を肉棒に絡みつかせる。","Al rubbed her breasts on your penis."
"アルフィミアの誘惑",""
"肢体見せつけ",""
"は自身の肢体を見せつける。"," showed off her body."
"完璧なプロポーションの肢体は、\n[1]の理性を惑わす。","Her perfect figure lead your mind astray."
"柔らかそうな女神の肢体に、\n[1]の視線は奪われる。","The perfect body of the goddess seized your gaze."
"フレイは乱雑に肉棒を柔らかな足裏で弄ぶ。","Your penis was trampled under her soft foot."
"フレイの足裏の感触がとろけるような快楽を肉棒に伝える。","Her soft foot was melting your penis with pleasure."
"フレイの誘惑",""
"柔らかな甘い感触が\n[1]の顔を包み込む。","Soft and sweet sensation surrounded your face."
"甘くとろけるような感触が\n[1]の顔に刷り込まれる。","The sweet sensation was imprinting on your face."
"柔らかな乳房が肉棒に絡みつきながら上下に愛撫する。","Your penis was stroked in tight boobjob."
"柔らかな乳房の感触が肉棒の芯まで届く。","The soft sensation reached the core of your penis."
"アル(フレイ)の誘惑",""
"乳房の柔らかな甘い香りと感触が\n[1]の顔を包み込む。","Soft touch and sweet smell surrounded your face."
"授乳手コキ",""
"の授乳手コキ。"," used Nursing Handjob."
"\n[1]の口に乳房を咥えさせ、肉棒に細い指先を絡ませる。","Her breasts was in your mouth and hand on your penis."
"口に広がる乳房の甘さと、肉棒への快楽が\n[1]を襲う。","Sweet taste spread in your mouth and pleasure in your penis."
"は授乳手コキで精液を搾り取る。"," drained your semen in nursing handjob."
"メイドサキュバスAの誘惑",""
"分身ハグ",""
"の分身ハグ。",""
"\n[1]の身体は前後からサキュバスに抱きしめられる。",""
"柔らかな女体が前後から\n[1]に擦りつけられる。",""
"分身パイズリ",""
"の分身パイズリ。",""
"\n[1]の顔と肉棒がサキュバスの乳房に封じ込められる。",""
"乳房に顔と肉棒が包み込まれ、溶けるような快楽を感じる。",""
"は分身パイズリで精液を搾り取る。",""
"サキュバスの誘惑",""
"分身で後ろから抱きしめ、彼女は貴方に扇情的に近づく。",""
"のキス。"," used Kiss."
"優香は自分の唇を\n[1]の唇に重ね合わせる。","She pressed her lips against yours."
"優香は\n[1]の舌を自分の舌で絡めとる。","She twined her tongue around yours."
"\n[1]の肉棒が優香の乳房にすり潰される。",""
"優香は柔らかな乳房を肉棒に激しく擦りつける。",""
"サキュバス優香の誘惑",""
"おっぱいチラ見せ",""
"のおっぱいチラ見せ。"," used Breast Glimpse."
"メイドサキュバスは服をずらして谷間を見せつける。","She pulled on her top in a glimple of her breasts."
"乳首チラ見せ",""
"の乳首チラ見せ。"," used Nipple Glimpse."
"メイドサキュバスは綺麗な乳首をチラチラと見せつける。","She gave you a glimpse of her nipples."
"パンツコキ",""
"のパンツコキ。"," used Pantyjob."
"メイドサキュバスは自身の下着で肉棒をくるむ。","She wrapped her panties around your penis."
"メイドサキュバスはくるんだ下着で肉棒を激しく扱く。","She stroked your penis with her panties."
"はパンツコキで精液を搾り取る。"," drained your semen in pantyjob."
"メイドサキュバスBの誘惑",""
"メイドサキュバスBの誘惑（再戦）",""
"抱きつき♡",""
"の抱きつき♡",""
"可憐は貴方を柔らかな肢体で抱きしめ、乳房に埋もれさせる。",""
"可憐は貴方の顔に乳房を擦りつけ、柔らかな感触で包み込む。",""
"可憐は腰をグラインドさせ、蜜壺で肉棒を締め付ける。",""
"可憐はたぷたぷと乳房を揺らしながら激し腰を振る。",""
"サキュバス可憐の誘惑",""
"サキュバス可憐の敗北後誘惑",""
"イベント恭子誘惑",""
"のキス"," used Kiss."
"メイド長は甘く愛情たっぷりにキスをする。","She passionately kissed you."
"メイド長は甘く柔らかな唇で\n[1]から力を吸い出す。","She sucked your power with her soft lips."
"メイド長は器用に両足で肉棒を弄ぶ。","She skillfully toyed your penis with both feet."
"メイド長は弱点に足指を絡みつかせ、肉棒を愛撫する。","She rubbed your weak spots with her toes in footjob."
"メイド長誘惑",""
"回復",""
"ブレイブソード","Brave Sword
"
"祈りを込めた剣で敵を切り裂く。
威力:☆×12","Infuse your sword with a prayer and slash your foe.
Power:☆×12"
"は勢いよく剣で切り裂いた"," slashed down the foe with great force.
"
"連続キス",""
"の連続キス"," used Chain Kiss."
"アルは柔らかな唇を肉棒の先端に押し付ける。","She pressed her soft lips on the tip of your penis."
"アルはちゅっと音を立てて先端に唇を落とす。","She loudly smooched on the tip of your penis."
"全身コキ",""
"の全身コキ"," used Bodyjob."
"アルは柔らかな肢体全体を肉棒に擦りつける。","She rubbed your penis with her whole body."
"アルはむにゅむにゅと肉棒を肢体で愛撫する。","She tightly rubbed her body on your penis."
"は肢体全体で精液を搾り取る。"," drained your semen in bodyjob."
"アルの誘惑",""
"追い詰める一撃","Cornering Blow"
"敵を追い詰める攻撃。
誘惑が発生する体力まで敵のHPを削る","Strike to corner your enemy with a single blow.
Lowers enemy HP to temptation range."
"の追い詰める一撃！"," used Cornering Blow!"
"\n[1]は敵を追い詰める！","\n[1] cornered the enemy!"
"抱擁",""
"の抱擁。",""
"フレイは柔らかな全身で\n[1]を抱きしめる。",""
"フレイは柔らかな肢体で\n[1]の身体を包み込む。",""
"甘い乳房による愛撫が\n[1]の肉棒を襲う。",""
"フレイは豊満な乳房で肉棒を揺さぶる。",""
"想いの剣",""
"強い意志の力でフレイを切り裂く。
威力:☆×11",""
"意志の力でフレイを切り裂く。
威力:☆×10",""
"意志の力でフレイを切り裂く。
威力:☆×9",""
"弱々しい意志の力でフレイを切り裂く。
威力:☆☆☆☆☆☆☆",""
"弱々しい意志の力でフレイを切り裂く。
威力:☆☆☆☆☆",""
"負け犬の剣",""
"フレイに心を奪われたまま剣を振るう。
威力:☆☆",""
"フレイに見惚れる",""
"フレイに見惚れてしまう。
想いの剣の弱体化・フレイのHP1000回復・フレイの攻撃力up",""
"乳首責め",""
"の乳首責め"," used Nipple Play."
"優香は細い指先で\n[1]の乳首を弄った","She toyed your nipples with her fingers."
"優香は柔らかな唇を窄めて\n[1]の乳首を吸い上げる","She sucked your nipple between her lips."
"の乳首舐め手コキ"," used Nipple Licking Handjob."
"優香は舌で\n[1]の乳首を弄りながら肉棒を扱く","She stroked your penis and licked your nipple."
"優香は\n[1]の乳首と肉棒を同時に責め立てる","She toyed your nipple and penis at the same time."
"は乳首舐め手コキで精液を搾り取る"," drained your semen in nipple licking handjob."
"はアルへの想いを剣にのせて切り裂く",""
"は弱々しく剣で切り裂く",""
"はフレイに見惚れながら剣を振るう",""
"強い意志の力でフレイを切り裂く。
威力:☆×12",""
"おっぱいシェイク",""
"のおっぱいシェイク"," used Breast Shake."
"恭子は豊満な乳房で\n[1]の顔を揺さぶった","She shook her massive breasts on your face."
"恭子は乳房を揺らして甘い衝撃を\n[1]の顔に伝える","She smacked your face with her breasts!"
"パフパフ＆太ももコキ",""
"のパフパフ＆太ももコキ"," used Breast Smothering Thighjob!"
"恭子は\n[1]の顔を乳房で圧迫し、肉棒を太ももで撫でる","She smothered you and thigh-stroked your penis!"
"恭子は太ももとおっぱいで精を搾り取る","Kyouko drained your semen with breast something thighjob!"
"のヒップアタック"," used Hip Attack."
"バニーガールは\n[1]に柔らかなお尻を打ち付ける","Bunny Girl hit you with her soft ass."
"バニーガールは\n[1]の股間にお尻をむぎゅっと押し付ける","Bunny GIrl nailed her ass on your groin."
"膝コキ",""
"の膝コキ"," used Kneepitjob"
"バニーガールは膝に肉棒を挟んで上下に扱く","Bunny Girl stroked your penis in her kneepit."
"バニーガールは膝でみっちりと肉棒を締め付けて愛撫する","Bunny girl tightly stroked you in her kneepit."
"は膝コキで精液を搾り取る"," drained your semen in kneepitjob."
"バニーガールの誘惑",""
"の投げキッス"," used Blown Kiss."
"六花は可愛らしく投げキッスでハートを飛ばした","She cutely blew a heart your way."
"六花は扇情的な投げキッスで\n[1]にハートを撃ちだす","She seductively blew a heart at you."
"の足コキ"," used Footjob."
"六花は白ニーソに包まれた足で\n[1]の肉棒を踏みつける","She trampled your penis with her foot clad in socks."
"六花は小さな足裏でぐりぐりと\n[1]の肉棒を踏みにじる","She grinded your penis under her sole."
"は足コキで精液を搾り取る"," drained your semen in footjob."
"六花（アプデ）の誘惑",""
"手コキ",""
"のシコシコ♡"," used Whispering Handjob."
"桃香は甘ったるい声で囁きながら肉棒を扱く","She whispered in your ear while stroking your penis."
"桃香は笑みを浮かべながら肉棒を扱く","She stroked your penis with a grin."
"はシコシコ♡で精液を搾りとる"," drained your semen in whispering handjob."
"桃香の誘惑",""
"の授乳手コキ"," used Nursing Handjob."
"桃香は\n[1]の顔を乳房で圧迫し、肉棒を上下に扱く",""
"は授乳手コキで精を搾り取る"," drained your semen in nursing handjob."
"六花を想う",""
"六花を想い、負けられないと決意を固める。
5ターンの間全能力-20％ダウンの解除・ターン消費なし",""
"桃香は耳元で甘い声を出しながら\n[1]の肉棒を扱く",""
"はシコシコ♡で精を搾り取る",""
"のパイズリ"," used Boobjob."
"桃香は肉棒を乳房で圧迫し、柔らかな感触を刷り込んでいく",""
"はパイズリで精を搾り取る"," drained your semen in boobjob."
